epoch,acc,loss,val_acc,val_loss
0,0.16211878062251292,2.6449783783408014,0.3183640721997167,1.870090112938533
1,0.3071161044543283,2.0849591510827814,0.3448275871628652,1.7921324262833156
2,0.3266452652939888,1.943793934000055,0.32397754498740244,1.8147345550937852
3,0.36570358459741564,1.8199177206104742,0.3424218100553144,1.7888448202045995
4,0.40957731368900174,1.6633050206384918,0.3520449054843441,1.8106117846971526
5,0.4641519532827466,1.517254427194978,0.34562950898574274,1.8443662549556497
6,0.5195291596915774,1.3652712134768965,0.3552526053229426,1.8625349174429153
7,0.582129482058295,1.1904673918228599,0.353648756084771,1.9044329886830322
8,0.6369716426215113,1.0396343494175972,0.3656776267333134,2.0024870097780574
