epoch,acc,loss,val_acc,val_loss
0,0.17967914452846037,2.4976761330895245,0.3336006408705172,1.8245709150814493
1,0.3008021390533702,2.1614887426243747,0.3432237388328638,1.7955295669621434
2,0.31898395699613236,2.0021951626966343,0.337610266045178,1.773467471624434
3,0.3331550806282676,1.8908998764772467,0.35044105787131913,1.770668233884461
4,0.37513368948895665,1.7624871386563714,0.36647954953605877,1.8234691016656834
5,0.4296791446400199,1.6112413858984882,0.3785084176512843,1.8236058983883097
6,0.4887700527747047,1.4521083297576496,0.37129109815874384,1.8456634874810385
7,0.5430481276410148,1.274754804978396,0.3769045709464296,1.9112254504499764
8,0.6058823526224351,1.1309312184226705,0.3801122698768579,1.991264761020015
